,country,year,sex,age,suicides_no,population,suicides_per_100k_pop,gdp_per_capita,continent,healthcare_coverage,gini
count,2064.0,2064.0,2064.0,2064.0,2064.0,2064.0,2064.0,2064.0,2064.0,2064.0,2064.0
mean,16.46511627906977,2012.3953488372092,0.5,2.5,342.5232558139535,2780080.6254844964,13.818163759689924,39417.58720930233,1.180232558139535,97.74941860465115,33.414534883720926
std,9.419853220364443,1.679824585866407,0.5001211680618781,1.7082389953814234,1007.147859501551,5294245.67095846,17.151717250020425,23203.01261822406,0.8264159952318403,3.7178089507456002,6.892915565946479
min,0.0,2010.0,0.0,0.0,0.0,7930.0,0.0,6552.0,0.0,82.4,24.9
25%,8.75,2011.0,0.0,1.0,15.0,351098.25,2.62,17972.25,1.0,96.0,27.8
50%,16.0,2012.0,0.5,2.5,69.0,715597.5,8.379999999999999,43015.5,1.0,99.95,32.3
75%,24.25,2014.0,1.0,4.0,231.0,3308518.5,19.2475,53541.25,1.0,100.0,35.324999999999996
max,32.0,2015.0,1.0,5.0,11767.0,42798501.0,182.32,109804.0,4.0,100.2,54.6
